<?xml version="1.0" encoding="UTF-8" standalone="yes"?>
<addon id="repository.ezkodi" name="[COLOR limegreen][B]EZK[/B][/COLOR]odi Repository" version="1.6" provider-name="EZKodi">
    <extension point="xbmc.addon.repository" name="[COLOR limegreen][B]EZK[/B][/COLOR]odi Repository">
        <dir>
            <info compressed="false">https://raw.githubusercontent.com/EZKodi/ezkodi.github.io/master/zips/addons.xml</info>
            <checksum>https://raw.githubusercontent.com/EZKodi/ezkodi.github.io/master/zips/addons.xml.md5</checksum>
            <datadir zip="true">https://raw.githubusercontent.com/EZKodi/ezkodi.github.io/master/zips/</datadir>
        </dir>
    </extension>
    
    <extension point="xbmc.addon.metadata">
        <summary>[COLOR limegreen][B]EZK[/B][/COLOR]odi Repository</summary>
        <description>The official home of [COLOR limegreen][B]EZK[/B][/COLOR]odi Wizard.</description>
        <disclaimer></disclaimer>
        <platform>all</platform>
        <assets>
            <icon>icon.png</icon>
            <fanart>fanart.jpg</fanart>
        </assets>
        <source>https://www.github.com/EZKodi/ezkodi.github.io</source>
    </extension>
</addon>