<?xml version="1.0" encoding="UTF-8" standalone="yes"?>
<addon id="repository.ezkodi" name="EZKodi" version="1.1" provider-name="EZKodi">
    <extension point="xbmc.addon.repository" name="EZKodi Repository">
        <dir>
            <info compressed="false">https://raw.githubusercontent.com/EZKodi/ezkodi.github.io/master/zips/addons.xml</info>
            <checksum>https://raw.githubusercontent.com/EZKodi/ezkodi.github.io/master/zips/addons.xml.md5</checksum>
            <datadir zip="true">https://raw.githubusercontent.com/EZKodi/ezkodi.github.io/master/zips/</datadir>
        </dir>
    </extension>
    <extension point="xbmc.addon.metadata">
        <summary>EZKodi Repository</summary>
        <description>Repo for EZKodi addons</description>
        <disclaimer></disclaimer>
        <platform>all</platform>
        <assets>
            <icon>icon.png</icon>
            <fanart>fanart.jpg</fanart>
        </assets>
    </extension>
</addon>