<?xml version="1.0" encoding="UTF-8"?>
<addon id="plugin.program.eznotify" version="2.0"
       name="[COLOR limegreen][B]EZN[/B][/COLOR]otifications" provider-name="EZKodi">
  <requires>
  	<import addon="xbmc.python" version="2.1.0"/>
  	<import addon="script.module.addon.common" optional="true" />
  </requires>
  <extension point="xbmc.python.script" library="default.py">
    <provides>executable</provides>
  </extension>
  <extension point="xbmc.service" library="service.py" start="startup">
  </extension>
  <extension point="xbmc.addon.metadata">
  	<summary>EZKodi News</summary>
  	<description>Receive Important Notifications.</description>
  	<disclaimer></disclaimer>
  	<language>en</language>
  	<platform>all</platform>
  	<forum></forum>
  	<website>https://ezkodi.github.io</website>
  	<source></source>
  	<email></email>
  </extension>
</addon>