<?xml version="1.0" encoding="UTF-8" standalone="yes"?>
<addon id="plugin.program.ezkodiwizard" name="[COLOR limegreen][B]EZK[/B][/COLOR]odi Wizard" version="5.1" provider-name="EZKodi">
    <requires>
        <import addon="xbmc.python" version="2.1.0" />
        <import addon="script.module.requests" />
        <import addon="script.module.six" />
    </requires>
    
    <extension point="xbmc.python.pluginsource" library="default.py">
        <provides>executable</provides>
    </extension>
    
    <extension point="xbmc.service" library="startup.py" start="startup" />
    
    <extension point="xbmc.addon.metadata">
      <summary lang="en">EZKodi Wizard</summary>
    <description lang="en">EZKodi Wizard offers many maintenance features, selective add-on data saving, and automated build installs.</description>
        <platform>all</platform>
        <reuselanguageinvoker>false</reuselanguageinvoker>
        <source>https://www.github.com/EZKodi/plugin.program.ezkodiwizard/</source>
        
        <assets>
            <icon>icon.png</icon>
            <fanart>fanart.png</fanart>
        </assets>
    </extension>
</addon>
