<?xml version="1.0" encoding="UTF-8" standalone="yes"?>
<addon id="plugin.program.ezkodiwizard" name="[COLOR limegreen][B]EZK[/B][/COLOR]odi Wizard" version="5.0" provider-name="EZKodi">
  <requires>
    <import addon="xbmc.python" version="2.1.0"/>
  </requires>
  <extension point="xbmc.python.pluginsource" library="default.py">
    <provides>executable</provides>
  </extension>
  <extension point="xbmc.service" library="startup.py" start="startup" />
  <extension point="xbmc.addon.metadata">
    <summary lang="en">EZKodi Wizard</summary>
    <description lang="en">EZKodi Wizard offers many maintenance features, selective add-on data saving, and automated build installs.</description>
    <platform>all</platform>
  </extension>
</addon>
